{
  "a": {
    "a": 0.0993090069099309,
    "b": 0.0997990020099799,
    "c": 0.1014339856601434,
    "d": 0.1005089949100509,
    "e": 0.0995640043599564,
    "f": 0.0988140118598814,
    "g": 0.0999590004099959,
    "h": 0.1002739972600274,
    "i": 0.0998840011599884,
    "j": 0.1004539954600454
  },
  "b": {
    "a": 0.03581892543223703,
    "b": 0.14285571432857014,
    "c": 0.14214573562793117,
    "d": 0.14220573382798515,
    "e": 0.03582892513224603,
    "f": 0.03547393578192654,
    "g": 0.1439006829795106,
    "h": 0.14223573292801217,
    "i": 0.14383568492945212,
    "j": 0.03569892903212903
  },
  "c": {
    "a": 0.027831877237339476,
    "b": 0.11225373620046562,
    "c": 0.2216236513380229,
    "d": 0.10967031316494355,
    "e": 0.027937016546924674,
    "f": 0.028182341602623475,
    "g": 0.11210854382056225,
    "h": 0.22218439432247727,
    "i": 0.1105915337822615,
    "j": 0.027616591984379303
  },
  "d": {
    "a": 0.035261283610755444,
    "b": 0.142730673815621,
    "c": 0.14316081145966708,
    "d": 0.14249059699103714,
    "e": 0.03632662451984635,
    "f": 0.03638164212548015,
    "g": 0.14266065140845072,
    "h": 0.14240056818181818,
    "i": 0.14287572023047376,
    "j": 0.03571142765685019
  },
  "e": {
    "a": 0.05231367167348656,
    "b": 0.05148226243482703,
    "c": 0.05207827267217934,
    "d": 0.052594147079299415,
    "e": 0.2638121616139356,
    "f": 0.3149588552596651,
    "g": 0.05277946118671148,
    "h": 0.053630904382929064,
    "i": 0.05360586193598149,
    "j": 0.05274440176098487
  },
  "f": {
    "a": 0.043363175945126814,
    "b": 0.13156504227149465,
    "c": 0.04408099377891211,
    "d": 0.04343296379007816,
    "e": 0.21666633434359547,
    "f": 0.26044823735843037,
    "g": 0.04290955495294305,
    "h": 0.043816796937310575,
    "i": 0.12946143723081832,
    "j": 0.044255463391290474
  },
  "g": {
    "a": 0.07148197250770044,
    "b": 0.07120286286745282,
    "c": 0.2142365852929156,
    "d": 0.07209501689610144,
    "e": 0.07088886452217426,
    "f": 0.07097359423439228,
    "g": 0.07187571646447831,
    "h": 0.21401230076057376,
    "i": 0.07158663862279328,
    "j": 0.07164644783141778
  },
  "h": {
    "a": 0.06315700025492735,
    "b": 0.0621622837491315,
    "c": 0.06222726522940962,
    "d": 0.18808139680191147,
    "e": 0.1870766831453036,
    "f": 0.18599699085760557,
    "g": 0.06366685494634029,
    "h": 0.06271712561919852,
    "i": 0.061182562969553676,
    "j": 0.06373183642661841
  },
  "i": {
    "a": 0.08386774298353035,
    "b": 0.08302801589483418,
    "c": 0.08421263089495915,
    "d": 0.08462749606377927,
    "e": 0.16725064354084923,
    "f": 0.16501137130432608,
    "g": 0.08336290705520706,
    "h": 0.08174343338415015,
    "i": 0.08273311173868493,
    "j": 0.08416264713967961
  },
  "j": {
    "a": 0.08267266122072135,
    "b": 0.08364610721955723,
    "c": 0.08382674668325873,
    "d": 0.08349055657025872,
    "e": 0.16786423940750256,
    "f": 0.16589727635830842,
    "g": 0.08349557433313931,
    "h": 0.08354073419906469,
    "i": 0.08234650663348253,
    "j": 0.08321959737470647
  }
}