{
  "a": {
    "a": 0.09984853195268985,
    "b": 0.09995068867435364,
    "c": 0.10016273289661795,
    "d": 0.10044490632780823,
    "e": 0.09984797975419436,
    "f": 0.09993688371196664,
    "g": 0.09989988641276948,
    "h": 0.1000567107854858,
    "i": 0.10003241405168467,
    "j": 0.0998192654324294
  },
  "b": {
    "a": 0.03572105362895585,
    "b": 0.14262446661831107,
    "c": 0.14253625035123144,
    "d": 0.14272542523508003,
    "e": 0.035910228512804426,
    "f": 0.035972633353590404,
    "g": 0.1427754144530918,
    "h": 0.1429975887553665,
    "i": 0.14295740134480797,
    "j": 0.0357795377467605
  },
  "c": {
    "a": 0.027859649060936627,
    "b": 0.11127343323638088,
    "c": 0.22215335532176075,
    "d": 0.11101070062324055,
    "e": 0.027694779937925747,
    "f": 0.027817917482563105,
    "g": 0.11149443427114769,
    "h": 0.2219893678518141,
    "i": 0.11082143909878599,
    "j": 0.027884923115444535
  },
  "d": {
    "a": 0.035688023748215066,
    "b": 0.14293398684941297,
    "c": 0.14258865124275508,
    "d": 0.14281941439884419,
    "e": 0.035908430072614336,
    "f": 0.03579968333987108,
    "g": 0.14286602014144842,
    "h": 0.14287831887908012,
    "i": 0.14268704114380848,
    "j": 0.035830430183950275
  },
  "e": {
    "a": 0.052447616627814074,
    "b": 0.05259615170962671,
    "c": 0.05259615170962671,
    "d": 0.05267778562450911,
    "e": 0.26302978720115466,
    "f": 0.31599160088454453,
    "g": 0.05248360317609063,
    "h": 0.052654358140060614,
    "i": 0.052777050532842436,
    "j": 0.052745894393730515
  },
  "f": {
    "a": 0.04335535803888507,
    "b": 0.13039963460666903,
    "c": 0.04345999581007406,
    "d": 0.043402158054691116,
    "e": 0.2175357451677328,
    "f": 0.26095225228387386,
    "g": 0.043384939180951154,
    "h": 0.04345756750736714,
    "i": 0.13042634593644514,
    "j": 0.043626003413310584
  },
  "g": {
    "a": 0.07132534110158559,
    "b": 0.07145935755999464,
    "c": 0.21413639757077535,
    "d": 0.07141295296913278,
    "e": 0.07160079875294159,
    "f": 0.07122176605478192,
    "g": 0.07134093304411518,
    "h": 0.21445900228644701,
    "i": 0.07154474200718046,
    "j": 0.0714987086530455
  },
  "h": {
    "a": 0.06267237950131592,
    "b": 0.06258636405669973,
    "c": 0.062386150632712585,
    "d": 0.1872867411448861,
    "e": 0.18730053884419315,
    "f": 0.18750016513203957,
    "g": 0.0627255153220515,
    "h": 0.06263568349252062,
    "i": 0.06210960951043121,
    "j": 0.06279685236314958
  },
  "i": {
    "a": 0.0835626558919389,
    "b": 0.08302522711596236,
    "c": 0.08312656709196767,
    "d": 0.08344170172702933,
    "e": 0.16677192948045283,
    "f": 0.1667143945263337,
    "g": 0.0832445791285416,
    "h": 0.08319652436572617,
    "i": 0.08331715162748732,
    "j": 0.08359926904456016
  },
  "j": {
    "a": 0.08345909035752501,
    "b": 0.08350762815633583,
    "c": 0.08327431578250653,
    "d": 0.08333664272870679,
    "e": 0.16673119987644924,
    "f": 0.16670362158167037,
    "g": 0.08331899262004831,
    "h": 0.08319378716175221,
    "i": 0.08343206362864171,
    "j": 0.08304265810636396
  }
}